Survivor Gender,Steam Player,Anonymous Mode,Prestige,Item,Powerful Add-ons,Exhaustion Perk,Chase Perks,Decisive Strike,Unbreakable,Off the Record,Adrenaline,Map Type,Map Area,Survivor BP,Killer BP,Result
M,No,No,26,Medkit,No,None,0,No,No,No,No,Outdoor,9984,21706,25250,Escape
M,No,No,11,Medkit,No,Sprint Burst,0,No,No,No,No,Outdoor,9984,16049,25250,Dead
F,No,No,11,Toolbox,No,Dead Hard,1,No,No,No,No,Outdoor,9984,15402,25250,Dead
F,No,No,5,Toolbox,No,Lithe,0,No,Yes,No,Yes,Outdoor,9984,7048,25250,Dead
F,Yes,No,54,Toolbox,No,Sprint Burst,0,No,No,No,No,Outdoor,9984,15996,25700,Dead
F,No,No,34,Toolbox,No,Sprint Burst,0,No,No,No,Yes,Outdoor,9984,15203,25700,Escape
F,No,Yes,27,Toolbox,No,None,0,No,Yes,No,No,Outdoor,9984,15083,25700,Dead
F,Yes,Yes,100,None,No,Background Player,0,No,No,No,No,Outdoor,9984,3666,25700,Dead
M,Yes,No,65,Toolbox,No,None,1,No,No,No,No,Outdoor,10496,18624,36097,Dead
F,No,No,17,Medkit,No,Dead Hard,1,Yes,No,No,No,Outdoor,10496,18040,36097,Dead
F,No,Yes,14,None,No,DHBL,0,No,No,No,No,Outdoor,10496,15138,36097,Dead
M,No,No,3,Medkit,No,Overcome,0,No,No,No,No,Outdoor,10496,11979,36097,Dead
M,Yes,No,1,None,No,Sprint Burst,1,No,Yes,No,No,Outdoor,9472,17281,34986,Dead
F,No,No,23,Flashlight,No,None,1,No,No,Yes,No,Outdoor,9472,16378,34986,Dead
M,Yes,No,1,None,No,Balanced Landing,0,No,No,No,No,Outdoor,9472,13856,34986,Dead
F,Yes,No,16,Flashlight,No,Lithe,1,No,No,No,No,Outdoor,9472,10694,34986,Dead
F,No,No,8,Medkit,No,Dead Hard,1,No,No,No,Yes,Outdoor,10240,19962,32535,Dead
F,No,No,4,Medkit,No,None,1,No,Yes,No,Yes,Outdoor,10240,12278,32535,Dead
M,No,No,0,None,No,None,0,No,No,No,No,Outdoor,10240,11427,32535,Dead
F,No,No,45,Medkit,Yes,Dead Hard,0,No,No,No,No,Outdoor,10240,11271,32535,Dead
F,Yes,No,12,Medkit,No,Lithe,0,No,No,No,No,Outdoor,10752,27355,33002,Escape
F,No,No,39,Medkit,No,Sprint Burst,1,No,No,No,No,Outdoor,10752,22608,33002,Dead
F,No,No,14,Medkit,No,None,0,No,No,No,No,Outdoor,10752,20040,33002,Dead
M,Yes,No,38,Toolbox,Yes,Sprint Burst,0,No,No,No,No,Outdoor,10752,15673,33002,Dead
M,Yes,No,13,Medkit,No,Lithe,1,No,No,No,No,Outdoor,9472,24987,35622,Escape
F,Yes,No,85,None,No,Sprint Burst,0,No,No,No,No,Outdoor,9472,20596,35622,Dead
F,Yes,No,10,Medkit,No,None,0,Yes,No,No,Yes,Outdoor,9472,16274,35622,Dead
F,Yes,Yes,41,Medkit,No,Dead Hard,0,Yes,Yes,No,Yes,Outdoor,9472,14697,35622,Dead
F,Yes,No,35,Toolbox,No,Sprint Burst,0,No,No,Yes,No,Outdoor,9984,17332,26613,Dead
F,Yes,No,23,Medkit,Yes,Lithe,0,No,No,No,No,Outdoor,9984,12193,26613,Dead
F,No,No,5,Medkit,No,None,1,No,No,No,Yes,Outdoor,9984,11861,26613,Dead
F,Yes,No,2,None,No,None,0,No,No,No,No,Outdoor,9984,5909,26613,Dead
F,Yes,No,51,Toolbox,No,None,0,No,No,No,No,Outdoor,11008,13005,23890,Dead
M,No,No,100,Medkit,No,None,0,No,No,No,No,Outdoor,11008,8417,23890,Dead
F,Yes,No,13,Medkit,No,Sprint Burst,2,No,No,No,Yes,Outdoor,11008,3710,23890,Dead
M,No,No,76,None,No,None,0,No,No,No,No,Outdoor,11008,2020,23890,Dead
M,Yes,Yes,34,Flashlight,No,Dead Hard,0,Yes,Yes,No,No,Outdoor,9984,21298,34472,Dead
M,No,No,57,Toolbox,Yes,Lithe,0,No,No,Yes,No,Outdoor,9984,15357,34472,Dead
M,Yes,No,100,Flashlight,No,Dead Hard,1,Yes,Yes,No,No,Outdoor,9984,14351,34472,Dead
M,No,No,1,None,No,Lithe,0,No,No,No,No,Outdoor,9984,11094,34472,Dead
F,No,No,2,Toolbox,No,Sprint Burst,0,No,No,No,No,Indoor,9088,24096,18679,Escape
F,Yes,No,5,Medkit,No,None,0,No,No,No,No,Indoor,9088,20092,18679,Escape
F,No,No,8,Toolbox,No,None,1,Yes,No,No,Yes,Indoor,9088,18069,18679,Escape
F,No,No,1,Medkit,No,Lithe,1,No,No,No,No,Indoor,9088,10293,18679,Escape
F,No,Yes,34,Toolbox,No,Sprint Burst,0,No,No,No,No,Indoor,6272,27077,28279,Escape
F,Yes,Yes,54,Toolbox,No,Lithe,1,No,No,No,No,Indoor,6272,20885,28279,Escape
M,Yes,No,100,None,No,Dead Hard,0,No,No,No,No,Indoor,6272,19657,28279,Dead
M,No,No,13,Medkit,No,Lithe,1,No,No,No,No,Indoor,6272,17951,28279,Dead
M,Yes,No,100,Medkit,Yes,Lithe,2,No,No,No,No,Outdoor,10240,20936,30436,Dead
F,No,No,4,None,No,None,0,No,No,Yes,No,Outdoor,10240,18413,30436,Dead
M,Yes,No,4,Flashlight,No,Dead Hard,0,Yes,No,No,Yes,Outdoor,10240,16761,30436,Dead
F,Yes,No,95,None,No,None,0,No,No,No,No,Outdoor,10240,13133,30436,Dead
F,Yes,No,9,Flashlight,No,Sprint Burst,1,No,No,Yes,No,Outdoor,9728,26641,36808,Dead
M,Yes,No,2,Toolbox,Yes,Dead Hard,0,No,No,Yes,No,Outdoor,9728,22257,36808,Dead
F,No,No,34,None,No,None,0,No,No,No,No,Outdoor,9728,17993,36808,Dead
F,Yes,No,5,Medkit,No,Balanced Landing,0,No,No,No,No,Outdoor,9728,16281,36808,Dead
M,No,No,11,Toolbox,No,Lithe,0,No,No,No,No,Outdoor,9984,16806,27092,Dead
M,Yes,No,3,Medkit,No,Balanced Landing,2,No,No,No,No,Outdoor,9984,13399,27092,Dead
M,No,Yes,3,Medkit,No,None,1,No,No,No,No,Outdoor,9984,12030,27092,Dead
F,No,No,68,Flashlight,No,Sprint Burst,0,No,No,No,No,Outdoor,9984,8219,27092,Dead
M,No,No,22,Medkit,No,Sprint Burst,0,No,No,Yes,No,Outdoor,9728,33449,42702,Dead
M,No,No,8,Flashlight,No,Dead Hard,1,No,No,No,No,Outdoor,9728,28967,42702,Escape
M,No,No,71,Medkit,Yes,Dead Hard,0,No,No,No,No,Outdoor,9728,22241,42702,Escape
F,No,No,14,Medkit,No,None,0,No,No,No,No,Outdoor,9728,17992,42702,Dead
M,No,No,3,Flashlight,No,Background Player,0,Yes,No,No,No,Outdoor,9728,13444,29308,Dead
F,Yes,Yes,52,Flashlight,No,Background Player,0,No,No,No,No,Outdoor,9728,11669,29308,Dead
F,Yes,Yes,3,Flashlight,No,Lithe,1,No,No,No,No,Outdoor,9728,3884,29308,Dead
M,Yes,No,8,Toolbox,No,Balanced Landing,1,No,No,No,No,Outdoor,9728,960,29308,Dead
F,No,No,37,Medkit,Yes,Lithe,1,No,No,No,Yes,Outdoor,9216,33959,45950,Dead
M,No,No,9,Medkit,Yes,Dead Hard,1,Yes,No,No,No,Outdoor,9216,26309,45950,Dead
F,No,No,21,Medkit,Yes,Overcome,1,No,No,No,No,Outdoor,9216,18619,45950,Dead
F,No,No,56,Medkit,Yes,None,0,Yes,No,Yes,Yes,Outdoor,9216,9619,45950,Dead
M,Yes,No,100,None,No,None,0,No,No,No,No,Outdoor,8704,29793,35248,Dead
F,No,No,56,Medkit,Yes,Lithe,1,No,No,No,No,Outdoor,8704,16807,35248,Dead
M,No,No,1,None,No,Lithe,2,No,No,No,No,Outdoor,8704,13774,35248,Dead
F,Yes,No,62,Toolbox,No,Lithe,0,No,No,No,No,Outdoor,8704,11060,35248,Dead
M,No,No,100,Toolbox,No,Dramaturgy,0,No,No,No,No,Outdoor,9984,35634,41280,Dead
F,Yes,No,72,Flashlight,No,None,1,No,No,No,No,Outdoor,9984,27539,41280,Dead
F,Yes,No,72,Flashlight,No,None,0,No,No,No,No,Outdoor,9984,24837,41280,Dead
F,Yes,Yes,24,None,No,Dead Hard,0,No,No,No,No,Outdoor,9984,17718,41280,Dead
M,Yes,No,6,Toolbox,No,None,1,No,No,No,No,Outdoor,11264,44934,40886,Escape
M,No,No,4,Medkit,Yes,Dead Hard,1,No,No,No,Yes,Outdoor,11264,38857,40886,Escape
F,Yes,No,100,Flashlight,No,Dead Hard,0,No,No,No,No,Outdoor,11264,21700,40886,Dead
F,Yes,No,100,Flashlight,No,Lithe,1,No,No,No,No,Outdoor,11264,2159,40886,Dead
F,Yes,Yes,63,Medkit,Yes,None,1,No,No,No,No,Outdoor,9728,32169,35716,Escape
F,No,No,25,Flashlight,No,Lithe,0,No,No,No,No,Outdoor,9728,17653,35716,Dead
F,Yes,No,100,Medkit,Yes,Sprint Burst,0,No,Yes,No,No,Outdoor,9728,16713,35716,Dead
F,No,No,22,Flashlight,No,Lithe,0,No,No,No,Yes,Outdoor,9728,0,35716,Dead
F,No,No,4,None,No,None,2,No,No,No,No,Outdoor,11008,21047,25094,Escape
F,No,No,13,Flashlight,No,Dead Hard,1,No,Yes,No,No,Outdoor,11008,10018,25094,Dead
F,No,No,27,Toolbox,Yes,Dramaturgy,1,Yes,No,No,No,Outdoor,11008,8251,25094,Dead
M,No,No,11,Flashlight,No,Lithe,1,No,No,No,No,Outdoor,11008,7934,25094,Dead
F,No,No,81,Medkit,Yes,Balanced Landing,1,No,No,No,No,Outdoor,9984,33857,42818,Dead
F,No,No,76,Medkit,No,Dead Hard,1,No,No,No,Yes,Outdoor,9984,26844,42818,Dead
M,No,No,22,Medkit,No,Lithe,0,No,No,No,Yes,Outdoor,9984,11963,42818,Dead
F,No,No,75,Flashlight,No,Background Player,0,Yes,No,No,No,Outdoor,9984,10497,42818,Dead
F,Yes,No,12,Map,No,Balanced Landing,0,No,No,No,No,Indoor,7264,39583,35325,Escape
F,Yes,No,2,None,No,Sprint Burst,0,No,No,No,No,Indoor,7264,24853,35325,Dead
F,Yes,No,23,Flashlight,No,None,1,No,No,No,No,Indoor,7264,20692,35325,Dead
M,No,No,100,Medkit,Yes,Sprint Burst,0,No,No,No,Yes,Indoor,7264,7050,35325,Dead
F,Yes,No,88,Medkit,No,None,0,No,No,No,No,Outdoor,8704,18310,33167,Dead
M,No,Yes,15,Flashlight,No,Sprint Burst,0,No,No,No,Yes,Outdoor,8704,17655,33167,Dead
M,No,No,13,Medkit,No,Lithe,1,No,No,No,No,Outdoor,8704,11580,33167,Dead
M,Yes,No,3,None,No,Balanced Landing,1,No,No,No,Yes,Outdoor,8704,5959,33167,Dead
F,Yes,Yes,31,Flashlight,No,None,0,No,No,No,No,Outdoor,8448,19704,35638,Dead
M,No,No,5,None,No,None,2,No,No,No,Yes,Outdoor,8448,17733,35638,Dead
F,No,No,6,None,No,Lithe,1,No,No,No,No,Outdoor,8448,14255,35638,Dead
F,Yes,No,18,Flashlight,No,Lithe,2,No,No,No,No,Outdoor,8448,6655,35638,Dead
M,No,Yes,5,None,No,None,0,No,No,No,No,Outdoor,10304,42292,38027,Dead
F,Yes,No,25,Medkit,Yes,None,0,No,No,No,No,Outdoor,10304,35771,38027,Dead
M,Yes,No,10,Flashlight,No,Sprint Burst,2,No,No,Yes,No,Outdoor,10304,15194,38027,Dead
F,No,No,20,None,No,None,0,No,No,No,No,Outdoor,10304,12811,38027,Dead
F,Yes,No,100,Medkit,Yes,Sprint Burst,0,No,Yes,No,No,Outdoor,10240,42901,33957,Escape
F,Yes,No,26,Medkit,Yes,Balanced Landing,0,No,No,No,No,Outdoor,10240,35834,33957,Escape
F,Yes,No,100,Medkit,Yes,Sprint Burst,0,Yes,No,No,No,Outdoor,10240,35675,33957,Escape
F,No,No,100,Medkit,Yes,Balanced Landing,0,Yes,No,No,Yes,Outdoor,10240,35632,33957,Escape
F,Yes,No,100,Medkit,No,None,1,No,No,No,Yes,Outdoor,9984,34298,44690,Dead
M,Yes,No,61,Toolbox,No,Background Player,0,No,No,No,No,Outdoor,9984,21478,44690,Dead
F,Yes,No,100,Flashlight,No,Dead Hard,0,No,No,No,No,Outdoor,9984,19328,44690,Dead
F,No,No,6,Medkit,No,Lithe,1,Yes,No,No,No,Outdoor,9984,11345,44690,Dead
F,Yes,No,40,Medkit,Yes,Sprint Burst,0,Yes,No,Yes,No,Outdoor,9984,19741,31671,Escape
F,No,No,15,Medkit,No,Lithe,0,No,No,Yes,No,Outdoor,9984,10487,31671,Dead
F,Yes,No,4,Medkit,No,None,0,No,No,No,No,Outdoor,9984,9439,31671,Dead
F,No,No,17,Medkit,No,Balanced Landing,1,No,No,Yes,No,Outdoor,9984,2162,31671,Dead
M,Yes,No,35,Medkit,No,Balanced Landing,0,No,No,Yes,No,Outdoor,10752,21476,33682,Dead
M,No,Yes,11,None,No,Dramaturgy,1,No,No,No,No,Outdoor,10752,16795,33682,Dead
F,No,No,67,Medkit,Yes,None,0,No,No,No,No,Outdoor,10752,11156,33682,Dead
M,No,No,53,None,No,Lithe,2,No,No,No,No,Outdoor,10752,2749,33682,Dead
F,No,No,1,Medkit,No,None,0,Yes,Yes,No,No,Outdoor,10240,22937,38292,Dead
M,No,No,8,Medkit,No,None,1,No,Yes,No,Yes,Outdoor,10240,15636,38292,Dead
F,Yes,Yes,14,Medkit,Yes,Lithe,0,No,No,No,No,Outdoor,10240,9476,38292,Dead
F,Yes,No,14,Toolbox,No,Balanced Landing,1,No,No,No,No,Outdoor,10240,5773,38292,Dead
M,Yes,Yes,39,Medkit,Yes,Balanced Landing,0,No,No,No,No,Outdoor,11264,34005,39860,Dead
F,No,No,4,Toolbox,No,Sprint Burst,0,No,No,No,No,Outdoor,11264,28837,39860,Dead
F,Yes,No,100,None,No,None,0,No,No,No,No,Outdoor,11264,23669,39860,Dead
M,Yes,No,11,Flashlight,No,None,0,No,Yes,No,No,Outdoor,11264,9636,39860,Dead
F,No,No,42,Flashlight,No,Sprint Burst,0,No,No,Yes,No,Outdoor,9728,12112,28471,Dead
M,Yes,No,100,Medkit,No,Dead Hard,1,No,No,No,No,Outdoor,9728,9148,28471,Dead
F,No,No,25,Medkit,No,Sprint Burst,0,No,No,Yes,No,Outdoor,9728,5177,28471,Dead
F,Yes,No,40,Medkit,No,Lithe,0,No,No,No,No,Outdoor,9728,3596,28471,Dead
F,No,No,11,None,No,Dead Hard,1,Yes,No,Yes,No,Indoor,8832,28915,45574,Dead
F,No,No,16,Medkit,No,Lithe,0,No,No,Yes,No,Indoor,8832,25510,45574,Dead
F,Yes,No,3,Medkit,No,Sprint Burst,0,No,No,No,No,Indoor,8832,19241,45574,Dead
M,Yes,Yes,38,Medkit,Yes,Sprint Burst,1,No,No,Yes,No,Indoor,8832,17463,45574,Dead
F,Yes,No,14,Flashlight,No,Dead Hard,2,No,No,No,No,Outdoor,9984,48176,36603,Escape
M,No,No,11,Medkit,Yes,None,0,No,No,No,Yes,Outdoor,9984,36875,36603,Escape
F,No,Yes,6,Flashlight,No,Background Player,1,No,No,No,No,Outdoor,9984,34171,36603,Escape
M,No,No,27,Medkit,No,None,0,No,No,No,Yes,Outdoor,9984,24704,36603,Dead
M,No,No,1,Medkit,No,None,0,No,No,No,No,Outdoor,9728,9513,25440,Dead
F,No,No,7,Medkit,No,Lithe,0,No,No,No,No,Outdoor,9728,7040,25440,Dead
M,No,No,3,Medkit,No,Overcome,1,No,No,No,No,Outdoor,9728,6486,25440,Dead
M,No,No,55,Medkit,No,Sprint Burst,0,No,No,No,No,Outdoor,9728,4216,25440,Dead
M,Yes,No,8,Medkit,No,None,1,No,Yes,Yes,No,Outdoor,10496,27731,38571,Escape
F,Yes,No,5,None,No,Lithe,1,No,No,No,No,Outdoor,10496,19585,38571,Dead
F,Yes,No,3,Toolbox,No,Sprint Burst,0,No,No,No,No,Outdoor,10496,18738,38571,Dead
M,No,No,100,Flashlight,No,Dead Hard,1,No,No,No,No,Outdoor,10496,18245,38571,Dead
F,Yes,No,2,None,No,Dead Hard,1,No,No,No,No,Outdoor,10304,29524,24236,Escape
F,Yes,Yes,15,Flashlight,No,DHBL,0,Yes,No,No,No,Outdoor,10304,27213,24236,Dead
M,Yes,No,55,Flashlight,No,DHBL,0,No,No,No,No,Outdoor,10304,25480,24236,Escape
F,No,No,76,None,No,None,1,No,No,No,No,Outdoor,10304,17247,24236,Dead
F,No,No,42,Flashlight,No,Lithe,1,No,No,Yes,No,Outdoor,9984,33833,62764,Dead
M,Yes,No,6,None,No,Sprint Burst,0,No,No,No,No,Outdoor,9984,32825,62764,Dead
F,No,No,82,Medkit,No,None,1,No,No,No,No,Outdoor,9984,26236,62764,Dead
F,Yes,No,30,Flashlight,No,Dead Hard,1,No,No,No,No,Outdoor,9984,22968,62764,Dead
F,No,No,0,None,No,Head On,0,No,No,No,No,Outdoor,9216,43184,38122,Dead
F,Yes,No,26,Medkit,No,Overcome,0,No,No,Yes,No,Outdoor,9216,20818,38122,Dead
M,Yes,No,2,None,No,None,0,Yes,No,No,Yes,Outdoor,9216,18405,38122,Dead
F,Yes,No,2,Medkit,No,Lithe,0,No,No,No,No,Outdoor,9216,13245,38122,Dead
F,Yes,No,3,Medkit,No,Sprint Burst,0,No,No,No,No,Outdoor,8960,39309,35938,Escape
M,Yes,No,1,Flashlight,No,None,1,Yes,No,No,No,Outdoor,8960,33969,35938,Dead
M,No,No,73,Medkit,Yes,Balanced Landing,0,No,No,Yes,No,Outdoor,8960,20641,35938,Dead
F,Yes,No,54,Flashlight,No,None,0,No,No,No,No,Outdoor,8960,18495,35938,Dead
F,Yes,No,1,Toolbox,No,None,1,No,No,No,No,Outdoor,8704,26654,47092,Dead
F,Yes,No,6,None,No,Dead Hard,0,No,No,Yes,No,Outdoor,8704,24737,47092,Dead
F,Yes,No,100,Flashlight,No,Lithe,0,Yes,No,No,Yes,Outdoor,8704,23983,47092,Dead
M,No,No,74,Flashlight,No,Dead Hard,0,Yes,No,No,No,Outdoor,8704,22149,47092,Dead
F,No,No,8,Flashlight,No,None,1,Yes,No,No,No,Outdoor,9984,20377,69934,Dead
F,Yes,Yes,3,Toolbox,No,None,0,No,No,No,No,Outdoor,9984,15069,69934,Dead
F,Yes,No,88,Medkit,Yes,Sprint Burst,0,No,Yes,No,No,Outdoor,9984,13543,69934,Dead
F,Yes,No,25,None,No,Sprint Burst,0,No,No,No,No,Outdoor,9984,5791,69934,Dead
M,No,No,3,Medkit,No,Balanced Landing,0,No,No,No,No,Outdoor,10752,15798,39497,Dead
M,No,Yes,64,None,No,None,0,No,No,No,No,Outdoor,10752,13833,39497,Dead
F,Yes,No,26,Medkit,No,None,0,No,No,No,No,Outdoor,10752,13013,39497,Dead
M,Yes,No,100,Medkit,No,None,0,Yes,No,No,No,Outdoor,10752,7759,39497,Dead
F,Yes,No,36,Medkit,No,Sprint Burst,2,No,No,No,No,Outdoor,10496,38217,41185,Escape
F,Yes,No,100,Medkit,Yes,Background Player,0,No,No,Yes,No,Outdoor,10496,36288,41185,Escape
F,Yes,No,3,Flashlight,No,Background Player,0,No,No,No,No,Outdoor,10496,24478,41185,Dead
F,Yes,No,7,None,No,None,0,No,No,Yes,No,Outdoor,10496,16138,41185,Dead
M,No,No,10,Medkit,No,None,0,No,No,No,No,Indoor,9088,36989,38857,Escape
M,Yes,Yes,100,None,No,None,1,No,Yes,No,No,Indoor,9088,30102,38857,Escape
F,Yes,No,32,None,No,Lithe,1,No,No,No,No,Indoor,9088,26732,38857,Escape
M,Yes,No,23,Medkit,Yes,Dramaturgy,0,No,No,No,Yes,Indoor,9088,25208,38857,Dead
F,Yes,No,37,Medkit,No,Sprint Burst,0,No,No,No,No,Outdoor,8960,46594,36591,Dead
F,No,No,32,None,No,None,0,No,No,No,No,Outdoor,8960,43840,36591,Escape
F,Yes,No,16,Medkit,No,Dead Hard,0,No,No,Yes,No,Outdoor,8960,23202,36591,Escape
M,Yes,No,3,Flashlight,No,Balanced Landing,0,No,No,No,No,Outdoor,8960,21404,36591,Dead
F,No,No,1,None,No,None,0,No,No,No,No,Outdoor,10240,27359,35904,Escape
M,No,No,8,None,No,None,0,No,No,No,No,Outdoor,10240,16247,35904,Dead
F,No,Yes,28,None,No,None,1,No,Yes,No,No,Outdoor,10240,14419,35904,Dead
M,No,Yes,3,None,No,None,0,No,No,No,No,Outdoor,10240,5796,35904,Dead
M,No,No,5,Medkit,No,Balanced Landing,0,No,No,No,No,Outdoor,10304,20405,38201,Dead
F,No,No,64,Flashlight,No,Background Player,1,No,No,No,No,Outdoor,10304,18984,38201,Dead
M,No,No,3,Medkit,No,Dead Hard,1,No,No,No,No,Outdoor,10304,14127,38201,Dead
F,No,No,90,None,No,None,0,No,Yes,No,No,Outdoor,10304,14007,38201,Dead
F,No,No,100,None,No,Dramaturgy,0,No,No,No,No,Outdoor,10496,30606,38385,Dead
F,Yes,Yes,100,Flashlight,No,None,1,Yes,No,No,No,Outdoor,10496,25678,38385,Dead
F,No,No,1,None,No,None,0,No,No,No,No,Outdoor,10496,18821,38385,Dead
M,Yes,No,0,Medkit,No,None,0,No,No,No,No,Outdoor,10496,14623,38385,Dead
F,Yes,No,3,Medkit,No,None,0,No,Yes,No,Yes,Outdoor,8704,13854,23413,Dead
M,Yes,No,0,Medkit,No,Sprint Burst,0,No,No,Yes,No,Outdoor,8704,11978,23413,Dead
F,No,No,100,Flashlight,No,None,2,No,No,No,No,Outdoor,8704,7629,23413,Dead
F,No,No,71,Flashlight,No,None,0,No,No,No,No,Outdoor,8704,2576,23413,Dead
M,No,No,100,Flashlight,No,Sprint Burst,0,No,Yes,No,No,Outdoor,9984,26625,29534,Escape
M,Yes,No,0,None,No,None,0,No,No,No,Yes,Outdoor,9984,19215,29534,Dead
F,No,Yes,2,Flashlight,No,Dead Hard,0,Yes,No,Yes,No,Outdoor,9984,18981,29534,Dead
F,No,No,100,Medkit,No,Dead Hard,0,Yes,Yes,No,No,Outdoor,9984,12000,29534,Dead
F,Yes,No,100,Toolbox,No,Dead Hard,0,No,No,No,No,Outdoor,9984,23566,32020,Dead
M,Yes,No,49,Medkit,No,Balanced Landing,0,No,No,No,No,Outdoor,9984,21380,32020,Escape
M,Yes,Yes,46,Medkit,No,None,0,No,Yes,No,No,Outdoor,9984,19132,32020,Dead
M,Yes,No,86,Key,No,Dead Hard,0,No,No,No,No,Outdoor,9984,12330,32020,Dead
F,Yes,No,4,Toolbox,Yes,None,0,No,Yes,No,No,Outdoor,8960,26392,28671,Escape
F,Yes,No,100,Flashlight,No,Balanced Landing,1,No,No,No,No,Outdoor,8960,20205,28671,Dead
F,No,No,2,None,No,Dramaturgy,0,No,Yes,No,No,Outdoor,8960,19501,28671,Dead
F,No,No,2,Flashlight,No,None,0,No,No,No,No,Outdoor,8960,4784,28671,Dead
M,Yes,No,22,Medkit,No,Dead Hard,0,No,No,No,No,Outdoor,9984,28173,33188,Escape
M,No,No,100,Medkit,Yes,Dead Hard,0,Yes,No,No,Yes,Outdoor,9984,23774,33188,Dead
F,Yes,No,80,None,No,DHBL,1,No,Yes,No,No,Outdoor,9984,23387,33188,Dead
F,Yes,No,100,Medkit,No,Dead Hard,1,No,No,No,No,Outdoor,9984,11939,33188,Dead
F,No,No,26,Toolbox,No,None,0,No,No,No,No,Outdoor,8704,23735,25849,Escape
F,No,No,48,Flashlight,No,None,0,No,No,Yes,No,Outdoor,8704,19297,25849,Dead
M,No,No,8,None,No,Lithe,1,Yes,No,No,No,Outdoor,8704,14300,25849,Dead
F,No,No,46,Toolbox,Yes,None,1,No,No,No,No,Outdoor,8704,4485,25849,Dead
M,Yes,No,24,Medkit,Yes,Sprint Burst,1,Yes,No,No,No,Outdoor,9728,25963,25346,Escape
F,No,No,13,Medkit,No,None,1,No,No,No,No,Outdoor,9728,25482,25346,Escape
F,No,No,2,None,No,Lithe,2,No,No,No,No,Outdoor,9728,16326,25346,Escape
F,Yes,No,2,Toolbox,No,None,0,No,Yes,No,No,Outdoor,9728,13759,25346,Dead
F,Yes,No,29,None,No,None,1,No,No,No,No,Outdoor,8448,16263,32565,Dead
M,No,Yes,2,Flashlight,No,Sprint Burst,2,No,No,No,No,Outdoor,8448,13986,32565,Dead
F,No,No,2,Medkit,No,None,1,Yes,Yes,No,No,Outdoor,8448,10955,32565,Dead
M,No,No,32,Toolbox,No,Balanced Landing,1,No,No,No,No,Outdoor,8448,8793,32565,Dead
F,Yes,No,15,Toolbox,No,Balanced Landing,1,No,No,No,No,Outdoor,9984,22690,21775,Escape
M,No,No,1,Flashlight,No,Background Player,2,No,No,No,No,Outdoor,9984,19664,21775,Dead
M,No,No,9,Toolbox,No,None,1,No,No,No,No,Outdoor,9984,14891,21775,Dead
F,Yes,No,62,Flashlight,No,Lithe,2,No,No,No,No,Outdoor,9984,2936,21775,Dead
F,No,No,100,Medkit,Yes,Dead Hard,0,Yes,No,No,No,Outdoor,9984,36585,35987,Escape
F,Yes,No,100,Medkit,Yes,Sprint Burst,0,Yes,Yes,No,No,Outdoor,9984,26127,35987,Dead
M,No,No,66,Flashlight,No,Sprint Burst,2,No,No,No,No,Outdoor,9984,20036,35987,Dead
M,Yes,No,2,Medkit,No,Sprint Burst,0,No,No,No,No,Outdoor,9984,15971,35987,Dead
F,No,No,46,Medkit,Yes,Lithe,0,Yes,No,No,No,Outdoor,9800,34436,35937,Escape
M,No,No,11,None,No,None,0,No,No,No,No,Outdoor,9800,21860,35937,Dead
F,No,No,18,Medkit,No,Sprint Burst,0,No,No,No,No,Outdoor,9800,17837,35937,Dead
F,No,Yes,3,Toolbox,No,None,0,No,No,No,No,Outdoor,9800,16103,35937,Dead
F,Yes,No,20,Medkit,No,Lithe,1,Yes,No,No,No,Outdoor,10304,15265,27536,Dead
F,No,Yes,61,None,No,Background Player,0,No,No,No,No,Outdoor,10304,14083,27536,Dead
F,Yes,No,35,Flashlight,No,Sprint Burst,2,No,No,No,No,Outdoor,10304,8977,27536,Dead
F,No,No,27,Medkit,Yes,None,0,No,No,No,No,Outdoor,10304,6500,27536,Dead
F,Yes,No,29,Medkit,No,None,0,No,No,No,No,Outdoor,10752,18280,26609,Dead
M,Yes,No,3,None,No,Dead Hard,1,No,No,No,No,Outdoor,10752,9669,26609,Dead
M,Yes,No,5,Flashlight,No,Lithe,0,No,No,No,No,Outdoor,10752,7691,26609,Dead
F,Yes,No,88,Toolbox,No,Sprint Burst,0,No,No,No,No,Outdoor,10752,2541,26609,Dead
F,No,No,100,Medkit,No,Dead Hard,0,Yes,No,Yes,No,Outdoor,8960,25953,33120,Escape
F,No,No,30,Medkit,Yes,Lithe,0,No,No,No,No,Outdoor,8960,24294,33120,Escape
F,No,No,64,Medkit,Yes,Lithe,1,No,No,No,Yes,Outdoor,8960,20241,33120,Dead
M,No,No,36,Medkit,Yes,Sprint Burst,1,No,No,No,No,Outdoor,8960,12758,33120,Dead
F,No,No,2,Medkit,No,Lithe,2,No,No,No,No,Indoor,8832,17647,16543,Escape
F,No,No,100,Medkit,Yes,None,2,Yes,No,No,No,Indoor,8832,8338,16543,Dead
F,No,No,3,Flashlight,No,Lithe,1,No,No,No,No,Indoor,8832,6143,16543,Dead
F,No,No,1,None,No,Sprint Burst,1,No,No,No,Yes,Indoor,8832,4301,16543,Dead
M,No,No,2,Medkit,No,Lithe,0,No,No,No,No,Outdoor,8704,15442,29976,Dead
F,Yes,No,34,Medkit,Yes,Lithe,1,No,No,No,No,Outdoor,8704,13604,29976,Dead
M,Yes,No,7,Medkit,No,Dead Hard,0,No,No,No,No,Outdoor,8704,8838,29976,Dead
F,Yes,No,55,Toolbox,No,Sprint Burst,0,No,No,No,No,Outdoor,8704,7798,29976,Dead
F,No,No,3,None,No,None,0,No,No,No,No,Outdoor,9800,23070,37835,Dead
F,No,No,1,None,No,None,2,No,No,No,No,Outdoor,9800,20809,37835,Dead
M,No,No,34,Medkit,No,Dead Hard,1,No,No,No,No,Outdoor,9800,20684,37835,Dead
F,No,No,6,None,No,Dead Hard,0,No,No,Yes,No,Outdoor,9800,16176,37835,Dead
F,Yes,No,88,Medkit,No,Dead Hard,0,Yes,Yes,No,No,Indoor,6272,7939,17147,Dead
F,No,No,7,Medkit,No,Balanced Landing,2,No,No,No,No,Indoor,6272,4488,17147,Dead
M,Yes,No,64,Medkit,No,Overcome,0,No,No,No,No,Indoor,6272,3147,17147,Dead
M,No,No,81,Flashlight,No,Dead Hard,2,No,No,No,No,Indoor,6272,2605,17147,Dead
M,No,No,34,Medkit,Yes,Balanced Landing,1,No,No,No,No,Outdoor,10240,20980,36476,Dead
F,Yes,No,6,Medkit,No,None,0,No,No,No,No,Outdoor,10240,19572,36476,Dead
F,No,No,23,Flashlight,No,Lithe,1,No,Yes,Yes,No,Outdoor,10240,14061,36476,Dead
F,Yes,No,11,Medkit,No,Lithe,0,No,No,No,No,Outdoor,10240,9895,36476,Dead
F,No,No,33,Medkit,Yes,None,0,No,No,No,No,Outdoor,9728,17618,36127,Dead
F,No,No,52,Medkit,Yes,None,2,No,No,No,No,Outdoor,9728,16177,36127,Dead
F,Yes,Yes,4,None,No,None,1,No,No,No,No,Outdoor,9728,16085,36127,Dead
F,No,No,0,Toolbox,No,None,1,No,Yes,No,Yes,Outdoor,9728,8436,36127,Dead
M,Yes,No,3,Medkit,No,Dead Hard,0,No,No,No,No,Outdoor,9984,20499,33688,Dead
M,Yes,No,2,None,No,Balanced Landing,1,No,No,No,No,Outdoor,9984,17341,33688,Dead
M,Yes,No,1,Medkit,No,None,0,No,No,No,No,Outdoor,9984,16344,33688,Dead
F,No,No,33,Flashlight,No,Dead Hard,1,No,No,No,No,Outdoor,9984,11425,33688,Dead
F,Yes,No,40,Toolbox,Yes,DHBL,0,No,No,Yes,No,Outdoor,8448,29278,23878,Escape
F,No,No,77,Toolbox,No,None,0,No,No,No,No,Outdoor,8448,17554,23878,Dead
F,Yes,No,9,None,No,None,1,No,No,Yes,No,Outdoor,8448,8678,23878,Dead
F,Yes,No,3,Medkit,No,Lithe,1,No,No,No,No,Outdoor,8448,8329,23878,Dead
F,No,Yes,2,Medkit,No,Overcome,0,No,Yes,No,No,Outdoor,8704,24037,38088,Dead
F,Yes,No,8,Flashlight,No,Lithe,0,No,No,No,No,Outdoor,8704,22472,38088,Dead
F,Yes,No,3,Toolbox,No,None,0,No,No,Yes,No,Outdoor,8704,20324,38088,Dead
M,Yes,No,6,Flashlight,No,Dead Hard,1,No,No,No,No,Outdoor,8704,14599,38088,Dead
F,Yes,No,1,Flashlight,No,None,0,No,No,No,No,Outdoor,11008,19186,30673,Dead
F,Yes,No,100,Toolbox,No,None,0,No,No,No,No,Outdoor,11008,14965,30673,Dead
F,Yes,No,97,Medkit,Yes,Overcome,0,No,Yes,Yes,No,Outdoor,11008,13925,30673,Dead
F,No,No,1,None,No,None,0,No,No,No,No,Outdoor,11008,13197,30673,Dead
M,Yes,No,3,Medkit,No,None,1,No,No,No,No,Outdoor,9984,59008,64636,Escape
F,Yes,No,82,Flashlight,No,Dead Hard,1,Yes,Yes,No,No,Outdoor,9984,55525,64636,Escape
F,Yes,No,10,None,No,None,1,No,No,No,No,Outdoor,9984,32685,64636,Escape
F,Yes,No,100,None,No,Dramaturgy,1,No,No,No,No,Outdoor,9984,26346,64636,Dead
F,No,No,52,Medkit,Yes,Lithe,1,No,No,Yes,Yes,Outdoor,8704,24163,26875,Escape
M,No,No,56,Flashlight,No,Sprint Burst,0,No,No,No,No,Outdoor,8704,20890,26875,Dead
F,No,No,31,Medkit,No,Dead Hard,2,No,No,No,No,Outdoor,8704,16270,26875,Dead
M,No,No,4,Flashlight,No,Background Player,0,No,No,No,Yes,Outdoor,8704,12163,26875,Dead
M,Yes,No,92,Medkit,Yes,Lithe,0,Yes,Yes,No,No,Outdoor,9472,28286,24079,Escape
F,Yes,No,1,Toolbox,Yes,Sprint Burst,0,No,No,No,Yes,Outdoor,9472,21955,24079,Escape
F,Yes,No,100,Medkit,Yes,Sprint Burst,2,No,No,No,No,Outdoor,9472,21305,24079,Escape
F,Yes,No,12,Toolbox,Yes,Dead Hard,0,No,No,No,No,Outdoor,9472,12728,24079,Dead
F,No,No,85,Toolbox,No,Lithe,1,No,No,No,No,Outdoor,10240,20321,35326,Dead
F,No,No,12,None,No,None,0,No,No,No,No,Outdoor,10240,20308,35326,Dead
F,Yes,No,9,None,No,Sprint Burst,2,No,No,No,No,Outdoor,10240,18686,35326,Dead
F,No,No,23,Flashlight,No,Dead Hard,1,No,No,No,No,Outdoor,10240,17408,35326,Dead
F,No,No,17,Toolbox,No,Balanced Landing,0,No,No,No,No,Indoor,6272,14708,32084,Dead
F,Yes,No,9,None,No,Sprint Burst,2,No,No,No,No,Indoor,6272,14636,32084,Dead
F,Yes,Yes,10,Flashlight,No,Dead Hard,2,No,No,No,No,Indoor,6272,12697,32084,Dead
F,No,No,7,Toolbox,No,Sprint Burst,2,No,No,No,No,Indoor,6272,10192,32084,Dead
F,No,No,16,Medkit,Yes,None,0,No,No,No,No,Outdoor,11264,26240,82768,Escape
F,Yes,No,61,Medkit,Yes,Dead Hard,0,Yes,No,No,No,Outdoor,11264,22289,82768,Dead
F,Yes,No,20,Medkit,Yes,Dead Hard,1,No,Yes,No,No,Outdoor,11264,17953,82768,Dead
F,Yes,No,4,None,No,Dead Hard,1,No,No,No,No,Outdoor,11264,16422,82768,Dead
F,No,No,40,Medkit,Yes,Sprint Burst,1,Yes,No,No,No,Indoor,6272,33780,77523,Dead
F,No,No,3,Flashlight,No,Balanced Landing,0,No,No,No,No,Indoor,6272,23816,77523,Dead
M,Yes,No,3,Medkit,No,Balanced Landing,0,No,No,No,No,Indoor,6272,20229,77523,Dead
M,No,No,47,Flashlight,No,Sprint Burst,0,No,No,No,Yes,Indoor,6272,9012,77523,Dead
M,No,Yes,16,Medkit,No,Dramaturgy,2,No,No,No,No,Outdoor,9984,20717,30449,Dead
F,No,No,100,Medkit,Yes,Lithe,1,No,No,No,No,Outdoor,9984,17705,30449,Dead
F,Yes,No,65,Medkit,No,Sprint Burst,0,No,No,Yes,No,Outdoor,9984,16824,30449,Dead
M,No,Yes,12,Toolbox,Yes,None,0,No,No,No,No,Outdoor,9984,8150,30449,Dead
M,No,No,34,Flashlight,No,Lithe,1,No,No,No,Yes,Outdoor,9984,27839,24121,Escape
M,No,No,21,Toolbox,No,None,0,No,No,No,No,Outdoor,9984,18611,24121,Dead
F,No,No,5,Medkit,No,Lithe,0,No,No,No,No,Outdoor,9984,17273,24121,Escape
F,Yes,No,12,Toolbox,No,Sprint Burst,2,No,No,No,No,Outdoor,9984,11070,24121,Dead
F,Yes,No,4,Medkit,No,None,2,Yes,No,Yes,No,Outdoor,11264,17572,62810,Dead
F,No,No,1,None,No,Sprint Burst,0,No,No,No,Yes,Outdoor,11264,15597,62810,Dead
F,Yes,No,3,Medkit,No,Sprint Burst,1,No,No,No,No,Outdoor,11264,11421,62810,Dead
F,Yes,No,1,None,No,None,0,No,No,No,No,Outdoor,11264,8162,62810,Dead
F,No,No,23,Medkit,No,Balanced Landing,1,No,No,No,No,Outdoor,9216,20289,30740,Dead
M,No,No,38,Medkit,No,None,0,No,No,No,No,Outdoor,9216,16554,30740,Dead
F,Yes,No,5,None,No,None,0,No,No,No,No,Outdoor,9216,13752,30740,Dead
M,No,No,3,None,No,None,1,No,No,No,No,Outdoor,9216,10072,30740,Dead
F,No,No,56,Medkit,Yes,Dramaturgy,1,No,No,No,No,Outdoor,10240,10161,19208,Dead
F,Yes,No,32,Toolbox,No,Balanced Landing,0,No,No,No,No,Outdoor,10240,7860,19208,Dead
M,No,No,69,None,No,Balanced Landing,0,No,No,No,No,Outdoor,10240,7103,19208,Dead
F,Yes,No,41,Flashlight,No,Balanced Landing,1,No,No,No,No,Outdoor,10240,6343,19208,Dead
M,No,No,100,Medkit,No,Sprint Burst,1,Yes,No,No,No,Outdoor,8448,24854,31729,Dead
F,No,No,80,Toolbox,No,Background Player,0,No,No,No,No,Outdoor,8448,15090,31729,Dead
F,No,No,38,Flashlight,No,None,1,No,No,No,No,Outdoor,8448,10141,31729,Dead
F,No,No,12,None,No,Sprint Burst,2,No,No,No,No,Outdoor,8448,9081,31729,Dead
F,Yes,No,100,Toolbox,No,Dead Hard,1,No,No,No,No,Outdoor,10752,18150,28380,Dead
F,Yes,No,3,Flashlight,No,Lithe,1,No,No,No,No,Outdoor,10752,17229,28380,Dead
F,Yes,No,7,None,No,Lithe,0,No,No,No,No,Outdoor,10752,16575,28380,Dead
M,No,No,73,None,No,Sprint Burst,1,No,Yes,No,No,Outdoor,10752,5550,28380,Dead
F,No,No,100,Flashlight,No,Sprint Burst,1,No,No,No,No,Outdoor,9472,26361,40461,Dead
F,No,Yes,64,None,No,None,0,No,No,No,No,Outdoor,9472,23740,40461,Dead
F,Yes,No,19,Medkit,No,Dead Hard,0,No,Yes,No,No,Outdoor,9472,21882,40461,Dead
F,Yes,No,26,Medkit,No,Dead Hard,1,No,Yes,No,No,Outdoor,9472,14388,40461,Dead
F,No,No,17,Flashlight,No,Sprint Burst,1,No,No,No,Yes,Outdoor,9984,17168,34230,Dead
M,No,No,17,Medkit,No,Dead Hard,1,Yes,No,No,No,Outdoor,9984,15636,34230,Dead
M,No,No,13,Toolbox,No,Lithe,0,No,Yes,No,Yes,Outdoor,9984,15084,34230,Dead
M,No,No,24,Medkit,No,Lithe,1,No,No,No,No,Outdoor,9984,15079,34230,Dead
M,No,No,24,Medkit,No,Lithe,1,No,No,No,No,Outdoor,9472,14506,31347,Dead
M,No,No,14,Toolbox,No,Lithe,0,No,Yes,No,Yes,Outdoor,9472,13741,31347,Dead
F,No,No,17,Flashlight,No,Sprint Burst,1,No,No,No,Yes,Outdoor,9472,8938,31347,Dead
F,No,No,17,Medkit,No,Dead Hard,1,Yes,No,No,No,Outdoor,9472,8305,31347,Dead
F,No,No,45,None,No,Head On,0,No,No,Yes,No,Outdoor,10496,20034,34900,Dead
F,No,No,100,Flashlight,No,Head On,1,No,No,No,No,Outdoor,10496,19876,34900,Dead
M,Yes,No,94,None,No,Dramaturgy,2,Yes,No,No,No,Outdoor,10496,17366,34900,Dead
M,No,No,23,Medkit,No,Lithe,1,No,No,No,No,Outdoor,10496,15208,34900,Dead
F,Yes,No,45,Flashlight,No,Balanced Landing,1,No,No,No,No,Outdoor,9216,15421,14290,Escape
M,Yes,No,1,Flashlight,No,Lithe,0,No,No,No,No,Outdoor,9216,2773,14290,Dead
F,Yes,No,37,Flashlight,No,None,1,No,No,Yes,No,Outdoor,9216,2667,14290,Dead
F,Yes,No,100,Medkit,No,None,1,No,No,No,No,Outdoor,9216,567,14290,Dead
F,Yes,No,4,Toolbox,No,Lithe,1,No,No,No,No,Outdoor,9800,26001,33410,Escape
F,No,No,6,Flashlight,No,Sprint Burst,1,Yes,No,No,No,Outdoor,9800,16873,33410,Dead
F,No,No,3,None,No,Dramaturgy,1,No,No,No,No,Outdoor,9800,15166,33410,Dead
F,Yes,No,100,Medkit,No,None,2,No,No,Yes,No,Outdoor,9800,12366,33410,Dead
M,No,No,6,None,No,None,0,No,No,No,No,Outdoor,9984,10421,21626,Dead
F,No,No,66,Flashlight,No,None,1,No,No,No,No,Outdoor,9984,9853,21626,Dead
F,No,No,66,Flashlight,No,Dead Hard,1,No,No,No,No,Outdoor,9984,7474,21626,Dead
F,No,No,5,Flashlight,No,None,2,No,No,No,No,Outdoor,9984,5233,21626,Dead
F,Yes,No,78,Medkit,No,Lithe,1,Yes,No,No,No,Outdoor,9472,25623,38400,Dead
F,Yes,No,79,Medkit,No,None,0,Yes,Yes,No,No,Outdoor,9472,23779,38400,Dead
F,Yes,No,12,Medkit,No,Lithe,2,No,No,No,No,Outdoor,9472,20762,38400,Dead
M,Yes,No,25,Flashlight,No,Dead Hard,1,Yes,No,No,No,Outdoor,9472,17864,38400,Dead
F,Yes,No,35,Medkit,No,Lithe,0,No,No,Yes,No,Outdoor,9984,17879,35715,Dead
F,No,No,66,Flashlight,No,Dead Hard,1,Yes,Yes,No,No,Outdoor,9984,17268,35715,Dead
F,Yes,Yes,12,None,No,None,0,No,No,No,No,Outdoor,9984,16615,35715,Dead
F,Yes,Yes,63,Medkit,Yes,Dead Hard,0,Yes,Yes,No,No,Outdoor,9984,15061,35715,Dead
M,No,No,9,Medkit,Yes,Lithe,1,No,No,Yes,No,Outdoor,8448,28047,32910,Escape
F,Yes,No,4,None,No,None,0,No,Yes,No,No,Outdoor,8448,25440,32910,Dead
F,Yes,No,3,Firecracker,No,None,1,No,No,No,No,Outdoor,8448,23616,32910,Escape
F,Yes,No,3,Medkit,No,None,0,No,No,No,Yes,Outdoor,8448,13792,32910,Dead
F,Yes,No,13,Medkit,No,Dead Hard,0,No,Yes,No,No,Outdoor,9728,23153,25898,Escape
F,Yes,No,23,Medkit,Yes,Lithe,1,No,No,Yes,No,Outdoor,9728,17323,25898,Dead
F,Yes,No,62,Medkit,No,Balanced Landing,0,No,No,No,No,Outdoor,9728,17219,25898,Escape
F,No,No,10,Toolbox,No,Sprint Burst,0,Yes,Yes,No,Yes,Outdoor,9728,15947,25898,Dead
F,No,No,2,Medkit,No,Dead Hard,1,No,No,No,No,Indoor,7264,21355,37712,Dead
M,Yes,No,97,Medkit,Yes,Sprint Burst,1,No,No,No,No,Indoor,7264,21130,37712,Dead
F,No,No,85,Flashlight,No,Dead Hard,0,Yes,No,No,No,Indoor,7264,19034,37712,Dead
F,Yes,No,100,Flashlight,No,Background Player,0,No,Yes,No,No,Indoor,7264,15470,37712,Dead
F,No,No,8,None,No,Sprint Burst,0,No,No,No,No,Outdoor,9728,10767,20316,Dead
F,No,No,99,Toolbox,Yes,Dead Hard,1,No,Yes,No,No,Outdoor,9728,9006,20316,Dead
M,Yes,No,96,Firecracker,No,Lithe,0,No,Yes,No,No,Outdoor,9728,7926,20316,Dead
F,No,No,15,Medkit,No,Lithe,1,No,No,No,No,Outdoor,9728,4455,20316,Dead
F,No,No,100,Medkit,Yes,Lithe,1,No,No,Yes,Yes,Outdoor,9472,23722,35780,Escape
F,No,No,38,Medkit,Yes,None,0,Yes,No,No,No,Outdoor,9472,21225,35780,Dead
F,No,No,23,Toolbox,No,Sprint Burst,1,No,No,No,No,Outdoor,9472,21162,35780,Dead
M,No,No,25,Medkit,No,Lithe,1,No,No,No,No,Outdoor,9472,17659,35780,Escape
F,Yes,No,16,None,No,None,1,No,No,No,No,Outdoor,10240,24033,32962,Dead
F,Yes,No,5,None,No,None,1,No,Yes,No,No,Outdoor,10240,20464,32962,Dead
F,Yes,No,16,None,No,Overcome,0,No,No,No,No,Outdoor,10240,18346,32962,Dead
F,No,Yes,12,Medkit,Yes,None,3,No,No,No,No,Outdoor,10240,11795,32962,Dead
M,Yes,No,49,Firecracker,No,Dramaturgy,1,No,No,Yes,No,Outdoor,8704,23721,37900,Dead
M,No,No,44,Medkit,Yes,Lithe,1,No,No,No,No,Outdoor,8704,22700,37900,Dead
M,No,No,2,None,No,Lithe,1,No,No,No,Yes,Outdoor,8704,22611,37900,Dead
M,Yes,No,1,Medkit,No,Dead Hard,2,No,Yes,No,No,Outdoor,8704,14314,37900,Dead
F,Yes,No,2,Medkit,No,Lithe,1,No,No,No,Yes,Outdoor,9800,13811,30332,Dead
F,No,No,3,None,No,Balanced Landing,0,No,No,No,Yes,Outdoor,9800,13278,30332,Dead
F,No,No,64,Flashlight,No,Dead Hard,1,No,No,No,No,Outdoor,9800,12192,30332,Dead
F,Yes,No,53,None,No,None,0,No,No,No,No,Outdoor,9800,10071,30332,Dead
F,No,No,100,Medkit,No,None,1,No,No,Yes,No,Indoor,7264,19442,33934,Dead
F,No,No,12,Medkit,Yes,None,2,No,No,No,No,Indoor,7264,13350,33934,Dead
F,No,No,4,Medkit,No,Lithe,0,No,No,No,No,Indoor,7264,10745,33934,Dead
F,Yes,Yes,17,None,No,Head On,1,No,No,No,No,Indoor,7264,4957,33934,Dead
M,No,No,1,Medkit,Yes,Overcome,0,No,No,No,No,Outdoor,9728,15528,27873,Dead
F,Yes,No,2,Medkit,No,None,1,No,No,Yes,Yes,Outdoor,9728,11537,27873,Dead
M,Yes,No,12,Medkit,No,None,2,No,No,No,No,Outdoor,9728,11017,27873,Dead
F,Yes,No,3,Medkit,Yes,None,0,No,No,No,No,Outdoor,9728,1214,27873,Dead
F,Yes,No,35,Flashlight,No,Dead Hard,0,Yes,No,No,Yes,Outdoor,8704,6047,18305,Dead
F,Yes,No,100,Flashlight,No,Sprint Burst,2,No,No,No,No,Outdoor,8704,3157,18305,Dead
F,Yes,No,100,Medkit,No,None,1,No,No,No,No,Outdoor,8704,1267,18305,Dead
M,Yes,No,42,Medkit,Yes,Lithe,1,No,No,No,No,Outdoor,8704,579,18305,Dead
M,Yes,No,1,Flashlight,No,Dramaturgy,3,No,No,No,No,Outdoor,10496,14582,32785,Dead
F,Yes,No,3,Medkit,No,None,0,Yes,Yes,No,No,Outdoor,10496,14139,32785,Dead
F,Yes,No,2,Flashlight,No,None,1,Yes,No,No,Yes,Outdoor,10496,13793,32785,Dead
F,Yes,Yes,10,Medkit,Yes,Dramaturgy,2,Yes,No,No,No,Outdoor,10496,9248,32785,Dead
M,Yes,No,5,None,No,None,1,No,No,No,Yes,Outdoor,8704,21066,37056,Dead
M,Yes,No,3,None,No,None,1,No,No,No,No,Outdoor,8704,19073,37056,Dead
M,Yes,No,4,Medkit,No,Lithe,0,Yes,No,No,Yes,Outdoor,8704,14388,37056,Dead
M,Yes,No,51,Medkit,No,Dead Hard,1,Yes,Yes,No,No,Outdoor,8704,11754,37056,Dead
M,Yes,No,16,Medkit,No,Sprint Burst,1,No,Yes,No,No,Outdoor,9800,27079,36960,Dead
F,No,Yes,55,Toolbox,No,Sprint Burst,1,No,No,No,Yes,Outdoor,9800,23129,36960,Dead
F,No,Yes,4,Toolbox,No,Balanced Landing,0,No,No,No,No,Outdoor,9800,14569,36960,Dead
M,Yes,No,56,Medkit,Yes,None,0,No,No,No,No,Outdoor,9800,10568,36960,Dead
F,Yes,No,60,Toolbox,Yes,Sprint Burst,0,No,No,No,No,Outdoor,9984,9951,20708,Dead
F,No,No,6,Toolbox,No,None,1,No,No,No,No,Outdoor,9984,9421,20708,Dead
M,Yes,Yes,3,Flashlight,No,None,0,No,No,No,No,Outdoor,9984,8822,20708,Dead
M,No,No,5,Flashlight,No,Dead Hard,2,No,No,No,No,Outdoor,9984,8323,20708,Dead
F,No,No,8,Medkit,No,Sprint Burst,2,No,No,No,No,Outdoor,8704,22865,26710,Escape
F,Yes,No,9,Toolbox,Yes,Sprint Burst,1,No,No,Yes,No,Outdoor,8704,13612,26710,Dead
F,No,No,62,Key,No,None,0,No,No,No,No,Outdoor,8704,8476,26710,Dead
F,No,Yes,96,Medkit,No,Dead Hard,1,Yes,No,No,No,Outdoor,8704,6329,26710,Dead
F,Yes,No,24,Medkit,No,None,0,No,No,No,Yes,Indoor,8832,23082,32499,Escape
F,No,No,7,Medkit,Yes,Lithe,1,No,No,Yes,No,Indoor,8832,13990,32499,Dead
F,No,No,13,None,No,Dramaturgy,1,No,No,Yes,No,Indoor,8832,12038,32499,Dead
F,No,No,100,Medkit,No,Balanced Landing,0,No,No,No,Yes,Indoor,8832,11118,32499,Dead
F,Yes,No,48,Medkit,Yes,Dead Hard,1,No,Yes,No,No,Outdoor,9216,15025,27537,Dead
F,Yes,No,4,Medkit,No,Dead Hard,1,No,No,No,No,Outdoor,9216,14213,27537,Dead
M,Yes,No,13,Flashlight,No,None,1,No,No,No,Yes,Outdoor,9216,13464,27537,Dead
M,Yes,No,15,Flashlight,No,Background Player,1,No,No,No,Yes,Outdoor,9216,12341,27537,Dead
F,Yes,No,9,Flashlight,No,None,1,Yes,No,No,No,Outdoor,9984,22823,36162,Dead
F,Yes,No,47,Map,No,None,0,No,No,No,No,Outdoor,9984,21468,36162,Dead
F,Yes,Yes,25,Medkit,No,None,1,No,No,No,Yes,Outdoor,9984,17557,36162,Dead
F,Yes,No,34,Medkit,No,Lithe,2,No,No,No,No,Outdoor,9984,12775,36162,Dead
F,No,No,47,Flashlight,No,Dramaturgy,1,Yes,No,No,No,Outdoor,10240,13101,23888,Dead
F,Yes,No,44,Flashlight,No,None,1,Yes,No,No,Yes,Outdoor,10240,9406,23888,Dead
F,No,No,87,Toolbox,Yes,Balanced Landing,0,Yes,No,No,No,Outdoor,10240,7573,23888,Dead
F,No,Yes,50,Medkit,Yes,Background Player,0,No,No,No,No,Outdoor,10240,7448,23888,Dead
M,Yes,No,22,Medkit,No,Balanced Landing,0,No,No,No,No,Outdoor,9984,10410,23301,Dead
F,Yes,No,9,Flashlight,No,Lithe,1,No,No,No,No,Outdoor,9984,10115,23301,Dead
F,No,No,78,Key,No,None,1,No,No,No,No,Outdoor,9984,6481,23301,Dead
F,No,No,7,None,No,Overcome,0,No,No,No,No,Outdoor,9984,6289,23301,Dead
F,No,Yes,4,Medkit,No,None,1,Yes,No,No,No,Outdoor,8704,25591,37259,Dead
F,No,No,75,Toolbox,Yes,Overcome,0,Yes,No,No,No,Outdoor,8704,18418,37259,Dead
F,No,No,21,Toolbox,No,None,1,No,No,No,No,Outdoor,8704,16616,37259,Dead
F,No,No,6,Medkit,No,None,1,No,No,No,No,Outdoor,8704,13775,37259,Dead
F,Yes,No,100,Medkit,Yes,None,0,No,No,No,No,Indoor,7264,14454,31203,Dead
M,Yes,No,100,Medkit,Yes,Dead Hard,0,No,No,No,No,Indoor,7264,12247,31203,Dead
F,Yes,No,77,Toolbox,No,None,1,No,No,No,No,Indoor,7264,10053,31203,Dead
M,Yes,No,3,Flashlight,No,None,0,No,No,No,No,Indoor,7264,7956,31203,Dead
M,Yes,No,27,Flashlight,No,Lithe,1,No,No,No,No,Outdoor,8704,20779,34887,Dead
F,No,No,16,Flashlight,No,Sprint Burst,0,No,No,No,No,Outdoor,8704,20164,34887,Dead
F,Yes,No,3,Flashlight,No,None,0,Yes,No,No,No,Outdoor,8704,16209,34887,Dead
F,Yes,Yes,8,Medkit,No,Dead Hard,1,Yes,Yes,No,No,Outdoor,8704,12277,34887,Dead
M,Yes,No,3,Key,No,Lithe,0,No,No,Yes,No,Outdoor,9984,19757,32908,Dead
M,No,No,12,Medkit,No,Sprint Burst,1,No,No,No,No,Outdoor,9984,16166,32908,Dead
M,No,No,17,None,No,None,0,No,No,Yes,No,Outdoor,9984,7196,32908,Dead
M,No,No,6,Medkit,No,Overcome,0,No,No,No,No,Outdoor,9984,793,32908,Dead
F,Yes,No,14,None,No,None,1,No,No,No,No,Outdoor,9984,12016,28767,Dead
M,Yes,No,10,Flashlight,No,None,0,No,Yes,No,No,Outdoor,9984,11873,28767,Dead
F,No,No,32,Medkit,No,Balanced Landing,1,Yes,No,No,Yes,Outdoor,9984,7897,28767,Dead
M,Yes,No,24,Toolbox,No,Head On,0,No,No,No,No,Outdoor,9984,6371,28767,Dead
M,Yes,No,4,Medkit,No,Sprint Burst,1,No,No,No,No,Outdoor,8704,26135,38527,Dead
F,Yes,Yes,13,Medkit,Yes,Sprint Burst,1,No,No,No,No,Outdoor,8704,23853,38527,Dead
M,No,No,5,None,No,None,0,No,No,No,No,Outdoor,8704,21316,38527,Dead
F,Yes,No,12,Medkit,No,Dead Hard,2,Yes,No,No,No,Outdoor,8704,17210,38527,Dead
F,No,No,1,Medkit,No,Head On,0,Yes,No,No,No,Outdoor,9984,20305,19885,Escape
M,Yes,No,100,Medkit,Yes,Balanced Landing,0,No,No,No,No,Outdoor,9984,20034,19885,Escape
F,No,No,2,Toolbox,No,Lithe,0,No,No,No,No,Outdoor,9984,14872,19885,Dead
F,No,No,2,Medkit,No,Lithe,1,No,No,No,No,Outdoor,9984,12527,19885,Dead
F,Yes,Yes,81,Medkit,No,Lithe,1,No,No,No,No,Outdoor,9216,24599,55984,Dead
F,Yes,No,6,Map,No,None,0,No,No,No,No,Outdoor,9216,24091,55984,Dead
F,No,No,44,Flashlight,No,None,0,No,No,No,No,Outdoor,9216,20544,55984,Dead
M,No,No,94,Medkit,No,Lithe,1,No,No,No,No,Outdoor,9216,17512,55984,Dead
F,Yes,No,48,Toolbox,No,Lithe,0,No,No,No,No,Indoor,9088,26559,44201,Dead
F,Yes,No,100,Medkit,Yes,None,0,No,No,No,No,Indoor,9088,24863,44201,Dead
M,No,No,3,None,No,Lithe,1,No,No,No,No,Indoor,9088,20541,44201,Dead
M,Yes,No,26,None,No,None,0,No,No,No,No,Indoor,9088,17095,44201,Dead
F,Yes,No,3,Flashlight,No,Lithe,1,No,No,No,No,Outdoor,9984,14359,22857,Dead
F,Yes,No,65,None,No,Overcome,0,Yes,No,No,No,Outdoor,9984,10426,22857,Dead
M,Yes,No,65,Medkit,No,Dead Hard,0,Yes,No,No,No,Outdoor,9984,8886,22857,Dead
M,Yes,No,30,Medkit,No,None,0,No,No,No,No,Outdoor,9984,7096,22857,Dead
M,No,No,71,Flashlight,No,Dead Hard,1,Yes,No,No,No,Indoor,7264,20652,31772,Dead
M,No,No,6,Toolbox,No,None,0,No,No,No,No,Indoor,7264,19507,31772,Dead
F,Yes,No,31,None,No,Sprint Burst,2,No,No,No,No,Indoor,7264,18569,31772,Dead
F,No,No,6,None,No,Sprint Burst,0,No,No,No,No,Indoor,7264,16265,31772,Dead
F,Yes,No,78,Medkit,No,Dead Hard,1,No,No,No,No,Outdoor,8448,31623,41644,Dead
F,Yes,No,21,Flashlight,No,Dead Hard,2,No,No,No,No,Outdoor,8448,30271,41644,Dead
F,Yes,No,100,Flashlight,No,DHBL,0,Yes,No,No,No,Outdoor,8448,29348,41644,Dead
F,No,Yes,82,Medkit,No,None,2,No,No,No,No,Outdoor,8448,28987,41644,Dead
F,Yes,No,11,Fog Vial,No,Head On,0,No,No,No,No,Indoor,7264,31836,38506,Dead
F,Yes,No,13,Medkit,No,None,2,No,No,No,No,Indoor,7264,24961,38506,Dead
F,No,No,17,Medkit,No,Lithe,2,No,No,No,No,Indoor,7264,20885,38506,Dead
F,No,No,100,Medkit,Yes,Lithe,0,Yes,No,No,No,Indoor,7264,15738,38506,Dead
M,Yes,No,73,Map,No,None,1,No,No,No,No,Indoor,8832,23009,40681,Dead
M,Yes,No,67,Flashlight,No,Dead Hard,1,Yes,No,No,No,Indoor,8832,22867,40681,Dead
F,No,No,100,Medkit,Yes,None,0,No,No,No,No,Indoor,8832,21441,40681,Dead
M,Yes,No,32,Medkit,No,Lithe,2,No,No,No,No,Indoor,8832,16144,40681,Dead
M,No,No,5,Medkit,No,None,1,No,No,No,No,Outdoor,8704,37053,24532,Escape
F,Yes,No,3,None,No,None,0,No,No,No,No,Outdoor,8704,30637,24532,Escape
F,Yes,No,89,Medkit,Yes,Sprint Burst,1,No,No,No,No,Outdoor,8704,26182,24532,Escape
F,No,No,53,Medkit,No,Lithe,1,No,No,No,No,Outdoor,8704,25784,24532,Escape
F,No,No,83,Toolbox,No,None,0,No,No,Yes,No,Outdoor,9216,32844,44902,Dead
F,Yes,No,100,None,No,None,0,Yes,No,No,No,Outdoor,9216,26798,44902,Dead
F,No,No,9,Medkit,No,Sprint Burst,0,No,No,No,No,Outdoor,9216,18274,44902,Dead
F,Yes,No,85,Map,No,None,0,No,No,No,No,Outdoor,9216,15348,44902,Dead
F,Yes,No,10,None,No,Lithe,0,No,No,No,No,Indoor,7264,38830,34763,Escape
F,Yes,No,20,Flashlight,No,None,0,No,No,No,Yes,Indoor,7264,34759,34763,Dead
F,Yes,Yes,5,Medkit,No,Sprint Burst,2,Yes,No,No,No,Indoor,7264,24780,34763,Dead
F,Yes,No,3,Medkit,No,None,0,No,No,No,No,Indoor,7264,11943,34763,Dead
M,No,No,3,None,No,Dramaturgy,0,No,No,No,No,Outdoor,9728,30018,41371,Dead
F,No,No,27,Key,No,None,0,No,Yes,No,No,Outdoor,9728,20664,41371,Dead
F,Yes,No,100,Medkit,No,Lithe,0,No,No,No,No,Outdoor,9728,19858,41371,Dead
M,Yes,No,5,Flashlight,No,Dead Hard,1,Yes,No,No,No,Outdoor,9728,18222,41371,Dead
M,No,No,68,Toolbox,No,None,0,No,No,No,No,Indoor,9088,26180,36590,Dead
F,Yes,No,100,Medkit,No,Lithe,0,No,No,No,No,Indoor,9088,24361,36590,Escape
F,Yes,No,28,Medkit,No,Balanced Landing,0,No,No,No,No,Indoor,9088,18881,36590,Dead
F,No,No,91,Flashlight,No,Balanced Landing,0,No,No,No,No,Indoor,9088,11602,36590,Dead
F,No,No,34,Medkit,No,Dead Hard,1,Yes,Yes,No,No,Outdoor,8448,26579,38679,Dead
M,No,No,4,Medkit,No,None,0,No,No,No,No,Outdoor,8448,25455,38679,Dead
F,No,Yes,6,Flashlight,No,Dead Hard,0,No,No,No,No,Outdoor,8448,20407,38679,Dead
M,Yes,No,100,Medkit,No,Dead Hard,2,No,No,No,No,Outdoor,8448,12792,38679,Dead
M,No,No,100,Flashlight,No,Dramaturgy,0,No,Yes,No,No,Indoor,6272,31428,29913,Escape
F,No,Yes,100,Medkit,No,None,0,No,No,No,No,Indoor,6272,28469,29913,Escape
M,No,No,15,None,No,DHBL,0,No,No,No,No,Indoor,6272,23616,29913,Dead
F,No,Yes,100,Flashlight,No,Dead Hard,1,No,No,No,No,Indoor,6272,21719,29913,Dead
F,Yes,No,12,Toolbox,No,None,1,No,No,No,No,Outdoor,9216,29485,39945,Dead
M,Yes,No,50,Flashlight,No,Sprint Burst,1,Yes,No,No,No,Outdoor,9216,26848,39945,Dead
F,No,No,4,Toolbox,No,None,0,No,No,No,No,Outdoor,9216,17748,39945,Dead
F,Yes,No,3,Medkit,Yes,Lithe,1,No,No,No,No,Outdoor,9216,16712,39945,Dead
F,No,No,26,None,No,None,0,No,No,No,No,Indoor,6272,24474,39702,Dead
F,No,No,22,Flashlight,No,Dead Hard,0,No,No,No,No,Indoor,6272,23398,39702,Dead
M,No,Yes,14,Medkit,No,Lithe,0,No,Yes,No,No,Indoor,6272,23189,39702,Dead
F,Yes,No,1,None,No,Dead Hard,0,No,Yes,No,No,Indoor,6272,21800,39702,Dead
F,Yes,Yes,100,Toolbox,No,None,0,No,No,No,No,Outdoor,9984,32873,43031,Escape
F,Yes,Yes,9,None,No,Dead Hard,0,Yes,No,No,No,Outdoor,9984,32470,43031,Dead
F,Yes,No,8,Flashlight,No,Lithe,0,Yes,No,No,No,Outdoor,9984,31233,43031,Dead
M,Yes,No,6,Flashlight,No,Dead Hard,0,Yes,Yes,No,No,Outdoor,9984,24671,43031,Dead
F,No,No,1,Medkit,Yes,Lithe,0,No,No,Yes,No,Outdoor,8704,19232,44966,Dead
F,No,No,0,Medkit,No,Dead Hard,1,Yes,No,No,No,Outdoor,8704,16612,44966,Dead
F,No,No,5,Flashlight,No,Lithe,1,No,No,No,No,Outdoor,8704,10728,44966,Dead
F,No,No,5,Flashlight,No,Head On,0,No,No,No,No,Outdoor,8704,5454,44966,Dead
F,Yes,No,100,None,No,None,1,Yes,No,No,No,Indoor,6272,25928,53914,Dead
F,Yes,No,100,Toolbox,No,Lithe,0,No,No,No,No,Indoor,6272,25455,53914,Dead
M,Yes,No,14,None,No,Dead Hard,1,No,No,No,No,Indoor,6272,22160,53914,Dead
F,Yes,No,14,Flashlight,No,Head On,0,No,No,No,No,Indoor,6272,19689,53914,Dead
F,Yes,Yes,30,Flashlight,No,Dead Hard,0,No,Yes,No,No,Outdoor,8704,31395,42545,Dead
M,No,No,60,Flashlight,No,Lithe,0,No,No,No,No,Outdoor,8704,22910,42545,Dead
F,No,No,83,Medkit,No,Sprint Burst,0,No,Yes,No,No,Outdoor,8704,17213,42545,Dead
F,No,No,46,Medkit,No,Dead Hard,0,No,No,No,No,Outdoor,8704,16350,42545,Dead
M,Yes,No,100,Toolbox,No,Sprint Burst,1,No,No,No,Yes,Outdoor,10240,44309,43475,Dead
F,No,No,100,Medkit,Yes,Dead Hard,1,Yes,No,No,No,Outdoor,10240,23781,43475,Dead
F,No,No,100,Toolbox,Yes,Dead Hard,1,Yes,No,Yes,No,Outdoor,10240,22229,43475,Dead
M,No,No,100,Toolbox,No,None,1,No,No,No,No,Outdoor,10240,12154,43475,Dead
F,Yes,Yes,22,None,No,None,2,No,No,No,No,Outdoor,10304,28449,49289,Dead
F,No,No,20,Medkit,No,Sprint Burst,0,No,Yes,No,No,Outdoor,10304,22045,49289,Dead
M,No,No,17,Toolbox,No,Dramaturgy,1,No,No,No,No,Outdoor,10304,21534,49289,Dead
F,Yes,No,100,Medkit,No,Dead Hard,1,No,No,No,No,Outdoor,10304,10350,49289,Dead
F,No,Yes,87,Medkit,Yes,None,0,No,No,No,No,Outdoor,11008,18780,26266,Dead
F,No,No,100,Fog Vial,No,None,0,No,No,No,No,Outdoor,11008,15053,26266,Dead
F,Yes,No,48,Flashlight,No,None,1,Yes,No,No,No,Outdoor,11008,14118,26266,Dead
F,No,No,10,Medkit,Yes,Sprint Burst,1,No,No,No,No,Outdoor,11008,13441,26266,Dead
F,No,No,21,None,No,Dead Hard,0,No,No,No,No,Outdoor,8704,26486,31195,Escape
F,No,No,3,Medkit,No,None,0,No,No,No,No,Outdoor,8704,20111,31195,Dead
M,No,Yes,62,Flashlight,No,Sprint Burst,0,No,No,No,No,Outdoor,8704,17283,31195,Dead
F,Yes,Yes,54,Fog Vial,No,Sprint Burst,2,No,No,No,No,Outdoor,8704,11497,31195,Dead
M,Yes,No,100,Medkit,Yes,Dead Hard,0,No,No,No,No,Outdoor,9728,29807,22175,Escape
F,Yes,No,100,Medkit,Yes,Sprint Burst,0,Yes,No,No,No,Outdoor,9728,29288,22175,Escape
F,Yes,Yes,100,Medkit,Yes,Sprint Burst,0,No,No,No,No,Outdoor,9728,23763,22175,Escape
F,No,No,44,Medkit,Yes,Sprint Burst,1,No,No,No,No,Outdoor,9728,20213,22175,Dead
M,No,No,100,Medkit,Yes,Dead Hard,1,Yes,No,No,No,Outdoor,8448,23269,31356,Dead
F,No,Yes,100,None,No,Lithe,1,No,No,No,No,Outdoor,8448,21305,31356,Dead
M,Yes,No,7,None,No,Sprint Burst,0,No,No,No,No,Outdoor,8448,19247,31356,Dead
F,No,No,100,Flashlight,No,None,1,No,No,No,No,Outdoor,8448,14972,31356,Dead
F,Yes,No,9,Flashlight,No,Sprint Burst,2,No,No,No,No,Outdoor,9728,14138,24543,Dead
F,Yes,No,16,Medkit,Yes,Lithe,0,No,No,No,No,Outdoor,9728,10887,24543,Dead
F,Yes,No,6,Medkit,No,Head On,0,Yes,No,Yes,No,Outdoor,9728,9680,24543,Dead
F,No,No,3,Toolbox,No,Sprint Burst,0,No,No,No,No,Outdoor,9728,8346,24543,Dead
M,No,No,3,Flashlight,No,Sprint Burst,1,No,No,No,No,Indoor,6272,24125,34287,Dead
F,No,No,87,Medkit,No,Dead Hard,1,Yes,No,No,No,Indoor,6272,24116,34287,Dead
M,No,Yes,2,Medkit,No,None,0,No,No,No,No,Indoor,6272,20515,34287,Dead
M,No,No,3,None,No,None,1,No,No,No,No,Indoor,6272,8860,34287,Dead
F,Yes,No,10,Flashlight,No,Lithe,1,No,No,No,No,Outdoor,9728,6187,17435,Dead
F,Yes,No,38,Flashlight,No,Lithe,2,No,No,No,No,Outdoor,9728,5765,17435,Dead
F,No,No,42,Toolbox,Yes,Lithe,1,No,No,No,No,Outdoor,9728,3900,17435,Dead
F,No,No,16,Medkit,No,Sprint Burst,0,No,No,No,No,Outdoor,9728,1489,17435,Dead
M,No,No,4,None,No,Dramaturgy,1,No,No,No,No,Outdoor,8448,35653,27425,Escape
F,Yes,No,6,Flashlight,No,None,1,Yes,No,No,No,Outdoor,8448,26746,27425,Escape
M,No,No,72,Medkit,No,None,2,No,No,No,No,Outdoor,8448,18201,27425,Dead
F,Yes,No,4,None,No,None,0,Yes,No,No,No,Outdoor,8448,16879,27425,Dead
F,No,Yes,100,Medkit,Yes,Sprint Burst,2,No,No,No,No,Indoor,9088,29624,29626,Escape
F,No,No,30,Flashlight,No,None,0,No,No,No,No,Indoor,9088,26558,29626,Dead
F,No,No,15,Medkit,Yes,Dead Hard,0,No,No,No,No,Indoor,9088,23146,29626,Dead
F,No,No,100,None,No,None,0,Yes,No,No,No,Indoor,9088,13762,29626,Dead
F,Yes,No,22,None,No,None,0,No,No,No,No,Outdoor,9728,13453,19832,Dead
F,Yes,No,13,Flashlight,No,None,0,No,No,No,No,Outdoor,9728,9922,19832,Dead
F,Yes,No,100,Medkit,Yes,Sprint Burst,1,No,No,No,No,Outdoor,9728,9803,19832,Dead
F,Yes,No,0,None,No,None,1,No,No,No,No,Outdoor,9728,9058,19832,Dead
F,Yes,No,50,Flashlight,No,Dead Hard,0,Yes,No,No,No,Outdoor,11008,32457,22150,Escape
F,No,No,30,Medkit,No,Balanced Landing,0,No,No,No,No,Outdoor,11008,25350,22150,Escape
M,Yes,No,92,Medkit,No,None,0,Yes,No,No,No,Outdoor,11008,25165,22150,Escape
F,No,No,6,None,No,Lithe,0,No,No,No,No,Outdoor,11008,24678,22150,Escape
F,No,No,100,Toolbox,Yes,Balanced Landing,0,Yes,Yes,No,No,Outdoor,10496,24885,21168,Dead
F,Yes,No,22,Medkit,No,None,1,Yes,No,No,No,Outdoor,10496,22589,21168,Escape
M,No,No,100,Medkit,Yes,Dead Hard,0,Yes,Yes,No,No,Outdoor,10496,20673,21168,Escape
M,No,No,99,Medkit,Yes,Sprint Burst,0,Yes,Yes,No,No,Outdoor,10496,20289,21168,Escape
F,No,No,38,Medkit,Yes,Sprint Burst,2,No,No,No,No,Indoor,10000,25195,27118,Dead
F,No,Yes,9,Medkit,No,Lithe,0,Yes,No,No,No,Indoor,10000,17823,27118,Dead
M,No,No,45,Medkit,No,Dramaturgy,2,No,No,No,No,Indoor,10000,16110,27118,Dead
F,Yes,No,6,Flashlight,No,Sprint Burst,2,No,No,No,No,Indoor,10000,8595,27118,Dead
F,No,No,59,Medkit,Yes,Dead Hard,2,Yes,No,No,No,Outdoor,8704,19221,23055,Dead
F,Yes,No,14,Toolbox,No,Sprint Burst,0,No,No,No,No,Outdoor,8704,17740,23055,Dead
F,Yes,No,6,Medkit,No,Sprint Burst,1,No,No,No,No,Outdoor,8704,16708,23055,Dead
M,Yes,No,2,Fog Vial,No,Sprint Burst,1,No,No,No,No,Outdoor,8704,12513,23055,Dead
F,Yes,No,100,Medkit,Yes,Dead Hard,2,No,No,No,No,Outdoor,11264,26192,31235,Escape
F,Yes,No,17,Medkit,No,None,0,No,No,No,No,Outdoor,11264,25283,31235,Dead
M,Yes,No,100,Toolbox,No,Lithe,1,No,No,No,No,Outdoor,11264,23689,31235,Dead
F,No,No,100,Toolbox,No,Balanced Landing,0,No,No,No,No,Outdoor,11264,6074,31235,Dead
M,Yes,Yes,100,Medkit,Yes,Dead Hard,1,Yes,Yes,No,No,Indoor,7264,26250,33665,Dead
M,No,No,40,Medkit,Yes,None,1,No,No,No,No,Indoor,7264,22921,33665,Dead
F,No,No,100,Medkit,Yes,None,0,No,No,No,No,Indoor,7264,22683,33665,Dead
F,No,No,100,Medkit,No,Sprint Burst,0,No,No,No,No,Indoor,7264,15687,33665,Dead
M,Yes,No,16,None,No,Dead Hard,2,Yes,No,No,No,Outdoor,10240,28463,31751,Escape
M,Yes,No,22,None,No,Lithe,3,No,No,No,No,Outdoor,10240,24660,31751,Escape
F,Yes,No,100,Medkit,No,Sprint Burst,0,No,No,Yes,Yes,Outdoor,10240,23237,31751,Dead
F,No,No,3,Medkit,Yes,None,0,No,No,No,No,Outdoor,10240,21084,31751,Dead
F,Yes,No,79,Flashlight,No,None,1,Yes,No,No,No,Outdoor,9728,15496,20507,Dead
F,Yes,No,9,Flashlight,No,Lithe,1,No,No,No,No,Outdoor,9728,12250,20507,Dead
M,No,No,6,Medkit,Yes,Dead Hard,1,No,No,No,No,Outdoor,9728,11001,20507,Dead
F,No,No,4,None,No,Lithe,2,No,No,No,No,Outdoor,9728,9286,20507,Dead
M,Yes,No,100,Medkit,No,Sprint Burst,0,Yes,No,No,No,Indoor,7264,27410,29233,Escape
M,Yes,No,26,Flashlight,No,Dead Hard,3,No,No,No,No,Indoor,7264,24309,29233,Escape
F,Yes,No,100,Toolbox,Yes,Dead Hard,0,Yes,No,No,No,Indoor,7264,22074,29233,Dead
F,Yes,No,6,Flashlight,No,Dead Hard,1,No,Yes,No,No,Indoor,7264,8491,29233,Dead
F,No,No,3,Medkit,No,Balanced Landing,2,No,No,No,No,Outdoor,10240,19404,27496,Dead
F,Yes,No,11,Medkit,No,Dead Hard,1,Yes,No,No,No,Outdoor,10240,19281,27496,Dead
F,No,No,51,None,No,None,0,No,No,No,No,Outdoor,10240,15409,27496,Dead
F,No,No,34,Toolbox,Yes,None,0,No,No,No,No,Outdoor,10240,11110,27496,Dead
F,No,No,39,Toolbox,No,Sprint Burst,0,Yes,Yes,No,No,Outdoor,8704,21557,30647,Dead
M,Yes,No,81,Toolbox,No,Background Player,0,No,No,No,No,Outdoor,8704,21314,30647,Dead
F,Yes,No,23,Flashlight,No,Background Player,0,No,No,No,No,Outdoor,8704,20337,30647,Dead
F,Yes,No,9,Flashlight,No,Lithe,0,No,No,No,No,Outdoor,8704,15952,30647,Dead